[
  {"big":  "1.jpg", "small": "small/1.jpg"},
  {"big":  "2.jpg", "small": "small/2.jpg"},
  {"big":  "3.jpg", "small": "small/3.jpg"},
  {"big":  "4.jpg", "small": "small/4.jpg"},
  {"big":  "5.jpg", "small": "small/5.jpg"},
  {"big":  "6.jpg", "small": "small/6.jpg"},
  {"big":  "7.jpg", "small": "small/7.jpg"},
  {"big":  "8.jpg", "small": "small/8.jpg"},
  {"big":  "9.jpg", "small": "small/9.jpg"},
  {"big":  "10.jpg", "small": "small/10.jpg"},
  {"big":  "11.jpg", "small": "small/11.jpg"},
  {"big":  "12.jpg", "small": "small/12.jpg"},
  {"big":  "13.jpg", "small": "small/13.jpg"}
]
