<component name="ProjectRunConfigurationManager">
  <configuration default="false" name="desktopApp" type="GradleRunConfiguration" factoryName="Gradle">
    <ExternalSystemSettings>
      <option name="env">
        <map>
          <entry key="DEVELOPER_DIR" value="/Applications/Xcode.app/Contents/Developer" />
        </map>
      </option>
      <option name="executionName" />
      <option name="externalProjectPath" value="$PROJECT_DIR$" />
      <option name="externalSystemIdString" value="GRADLE" />
      <option name="scriptParameters" value="" />
      <option name="taskDescriptions">
        <list />
      </option>
      <option name="taskNames">
        <list>
          <option value="desktopApp:run" />
        </list>
      </option>
      <option name="vmOptions" />
    </ExternalSystemSettings>
    <ExternalSystemDebugServerProcess>true</ExternalSystemDebugServerProcess>
    <ExternalSystemReattachDebugProcess>true</ExternalSystemReattachDebugProcess>
    <DebugAllEnabled>false</DebugAllEnabled>
    <method v="2" />
  </configuration>
</component>